website,email,password
amazing.com,myEmail@email.com,J(r3InlQd7#W+0%
amazing,myEmail@email.com,(zlHRxQ3Zi3QA+
awesome,myEmail@email.com,(cL%*04ug#DcWUFd9
mazingus,myEmail@email.com,$2rbNbN180U&iD
mazinger,myEmail@email.com,0*#9U5t%z4mHP)xPR
asdgasdge,myEmail@email.com,Hl#7*JzXTj*94I
eagsafewq,myEmail@email.com,9uz!2zxKH2)3NDnG
ewte,myEmail@email.com,!&6I*H10rzMP&jj
amzung,myEmail@email.com,xOqa55M(fDC0)%
amzung,myEmail@email.com,c0o9f)*loIFD1
ebay,myEmail@email.com,+T+xDWBv19db!P(
amazing,myEmail@email.com,qgVcb$17a3s$s
hello,myEmail@email.com,(HoL(qo7rWz!U9(9
faefe,myEmail@email.com,&X2TBm%m0Jzc3
asdfwe,myEmail@email.com,qdn$%HnpMV2p1k
ebay,myEmail@email.com,12%G8DM!WFd3HN
amazing,myEmail@email.com,5gk1NekCR&7Mq#
ebay,myEmail@email.com,*A0%Nq72f$6WfL+rhn
elo,myEmail@email.com,4I$s3SRPB#sp#
elo,myEmail@email.com,BH98cmP%D3dS6$n
again,myEmail@email.com,qN27#*X%6ugdyN
elo,myEmail@email.com,1zPi95(PC*BrG1GQ
elo,myEmail@email.com,FIs*s(F%Yw$W3k1m
again,myEmail@email.com,x(YzjzM9E7P++o
eal,myEmail@email.com,Z3jP#+OKIRg1X&
eal,myEmail@email.com,DCqbP82&wpt!
amazung,myEmail@email.com,nNO7eGt3$yi+!#o
ebuy,myEmail@email.com,EcU(chO)$&A12RX
ehlo,myEmail@email.com,tnIKa%p2#5W(p
eohl,myEmail@email.com,Ab4uSkUoe5lX%$83
